{
    "user_join": [],
    "data_group": {
        "-1001191984715": {
            "user_ban": {},
            "white_list": {},
            "options": {
                "restricted": false,
                "anti_link": false
            },
            "admin": [
                724723234,
                514411549,
                643923623
            ]
        },
        "-1001451351248": {
            "user_ban": {},
            "white_list": {},
            "options": {
                "restricted": false,
                "anti_link": false
            },
            "admin": [
                213968205,
                620264853,
                240256497,
                742278412,
                651897834,
                236205726,
                514411549,
                724723234,
                582005141,
                785916977,
                643923623,
                666543978,
                794073384,
                388576209,
                283993474,
                665641885
            ]
        }
    }
}